{
  "version": 2,
  "feature_names": [
    "sponsor_count",
    "primary_sponsor_count",
    "cosponsor_count",
    "is_bipartisan",
    "minority_party_sponsors",
    "sponsor_party_majority",
    "senate_origin",
    "is_resolution",
    "num_subjects",
    "focused_scope",
    "amends_existing_law",
    "committee_referral",
    "committee_passage",
    "num_actions",
    "early_action_count",
    "days_since_introduction",
    "session_pct_at_intro",
    "action_density_30d",
    "title_length",
    "has_fiscal_note",
    "solar_category_count",
    "has_solar_keywords",
    "state_passage_rate",
    "text_hash_0",
    "text_hash_1",
    "text_hash_2",
    "text_hash_3",
    "text_hash_4",
    "text_hash_5",
    "text_hash_6",
    "text_hash_7",
    "text_hash_8",
    "text_hash_9",
    "text_hash_10",
    "text_hash_11",
    "text_hash_12",
    "text_hash_13",
    "text_hash_14",
    "text_hash_15",
    "text_hash_16",
    "text_hash_17",
    "text_hash_18",
    "text_hash_19",
    "text_hash_20",
    "text_hash_21",
    "text_hash_22",
    "text_hash_23",
    "text_hash_24",
    "text_hash_25",
    "text_hash_26",
    "text_hash_27",
    "text_hash_28",
    "text_hash_29",
    "text_hash_30",
    "text_hash_31",
    "text_hash_32",
    "text_hash_33",
    "text_hash_34",
    "text_hash_35",
    "text_hash_36",
    "text_hash_37",
    "text_hash_38",
    "text_hash_39",
    "text_hash_40",
    "text_hash_41",
    "text_hash_42",
    "text_hash_43",
    "text_hash_44",
    "text_hash_45",
    "text_hash_46",
    "text_hash_47",
    "text_hash_48",
    "text_hash_49"
  ],
  "weights": [
    -0.000774573855674936,
    0.06566257756219458,
    -0.0379229953013547,
    0.015075457347105007,
    0.12675287230553778,
    -0.07723480542236055,
    0.08666913092970735,
    1.5638970036204618,
    -0.015228244362347808,
    -0.1425573183237774,
    -0.3684006910280221,
    -0.18867537415372215,
    0.17693097706056746,
    2.212205087948995,
    -0.17094507097193695,
    -0.7583898560536364,
    -0.06231240055402198,
    0.18708750934144344,
    0.26002881767516733,
    -0.08862184659742317,
    0.0058814428574524135,
    -0.029546867393803578,
    0.5574740696461878,
    -0.06629111962643063,
    0.010689634529082413,
    0.009790945492725479,
    0.049228273615457875,
    0.17131799549483395,
    -0.017153635396068,
    -0.04577442563957207,
    -0.09822435578339415,
    -0.011897913590574195,
    0.009776834148249923,
    -0.009831743718594747,
    0.010005327444021918,
    -0.014460829206954334,
    0.08758875805029355,
    0.0012901828218342434,
    0.16677451382987873,
    -0.02187987992229731,
    0.07252759498080967,
    0.05124909406458012,
    0.023356898828046393,
    0.05823822812363096,
    -0.023426449345874355,
    0.05638932568043582,
    0.0004461688644144548,
    0.027977693312534867,
    -0.0007646870107499943,
    0.02386025096217637,
    -0.008633524693710096,
    -0.0305138355103977,
    0.017151785050170804,
    -0.04984660800767838,
    0.020594498130712232,
    0.022369582168340722,
    0.016986578101365488,
    0.06456622331022957,
    -0.160479357836751,
    0.009074336063763616,
    -0.02437782099520699,
    0.03378072791911398,
    0.02655356272424245,
    0.046410914610293244,
    0.008634150867246905,
    -0.006809894886544242,
    0.006233812357189609,
    0.01862615783913749,
    -0.03371154204411099,
    0.010571140652253615,
    0.02127516744896195,
    0.03413832086095319,
    0.01997984926120086
  ],
  "bias": -1.022732730174885,
  "means": [
    4.062261715349284,
    1.6542083195741146,
    2.4080533957751693,
    0.14711856944152582,
    0.39289323846977475,
    0.7027136503146418,
    0.4135670899502667,
    0.1615082105010357,
    1.8315071097635416,
    0.26985080003602413,
    0.2300941630892698,
    0.8316672170354137,
    0.19130817647824042,
    2.0167787512796407,
    4.391102038365705,
    147.30738594858556,
    30.858802346692784,
    4.429167542253309,
    2.2671829386737086,
    0.13710185824502416,
    0.032972091301171784,
    0.032101508010366944,
    0.2560116602626836,
    -0.01786196751823722,
    -0.0060940830356338745,
    0.004833238269640659,
    0.012018052094903585,
    -0.02487666736713598,
    0.10018712537400058,
    -0.021994736473437203,
    0.036394384237439084,
    -0.030110173816457027,
    0.014379634355017861,
    -0.005703821560445499,
    0.03426295618064103,
    0.013038735953088569,
    -0.03785536309327249,
    -0.029219577116668168,
    -0.007865269730719581,
    0.011517716870303103,
    -0.021944702950977155,
    -0.0047531846337045824,
    0.03415288243122892,
    -0.017691853541873054,
    0.013108782884532637,
    0.0006104089740125885,
    -0.007985350184623699,
    -0.00036024136171234727,
    0.007124773598310868,
    0.008835920066444517,
    -0.004292876227072138,
    0.059840092862217684,
    -0.0184623697877578,
    -0.03995677103659452,
    -0.035733941740966446,
    -0.056567900493330533,
    0.0419080784125364,
    0.022685199083385867,
    -0.03088069006234177,
    0.01755175967898492,
    0.07257862768054596,
    -0.010747200624418361,
    0.0598601062712017,
    -0.044920096464631305,
    0.0489628050794032,
    0.057708664805419634,
    -0.012358280047631913,
    0.0020813945343380064,
    -0.0779021944702951,
    0.09406302222489067,
    0.009856603924629502,
    0.01468984219427016,
    -0.01923288603364254
  ],
  "stds": [
    8.477259870532327,
    4.232721571435412,
    7.501983165788926,
    0.3542240759280984,
    1.8748502394233597,
    0.4048332074990179,
    0.4924726916901122,
    0.36799906038203695,
    6.067219514687184,
    0.4438821304759757,
    0.4208929070461137,
    0.37416153883608533,
    0.3933311049114181,
    0.7942236407176495,
    4.342531088595627,
    189.988362786858,
    28.46223111888569,
    5.224088787908798,
    0.7771206951185032,
    0.34395484981414776,
    0.18353784161559447,
    0.17626968313886252,
    0.15166990801552227,
    0.34884480501686965,
    0.44066199023464003,
    0.37884405201270904,
    0.3616535561854651,
    0.784840282356287,
    0.5365651493107965,
    0.47026027118626534,
    0.4655658490379272,
    0.46338736768615374,
    0.4501990223123416,
    0.47522499956639086,
    0.4332581260922345,
    0.38012750256451067,
    0.41954244391031587,
    0.43177737039570274,
    0.49769884544187176,
    0.38783786725968067,
    0.5746041824956082,
    0.40622405692207286,
    0.3942442126617199,
    0.4182157265970708,
    0.39587027273744413,
    0.5356882415346138,
    0.41803512012488847,
    0.4265228691301506,
    0.3327212691110753,
    0.4046748066830605,
    0.3736109013151832,
    0.40354760858838806,
    0.4581156864431187,
    0.5357114963239985,
    0.41112916359357826,
    0.4022444816312252,
    0.42434129375264273,
    0.43201941606420635,
    0.4575229733862433,
    0.39764064335716715,
    0.489639155185968,
    0.3627019649585197,
    0.44890331135499095,
    0.4553157543966612,
    0.46694789535190345,
    0.4408992901605484,
    0.41930319746713324,
    0.3587504717392578,
    0.44501460607537846,
    0.43782017526595196,
    0.46153616643286516,
    0.42882112562303204,
    0.44333060698330673
  ],
  "threshold": 0.7,
  "state_passage_rates": {
    "HI": 0.09065550906555091,
    "CA": 0.33555715831229715,
    "MI": 0.2195845697329377,
    "MA": 0.03582254064480573,
    "KY": 0.2827586206896552,
    "IL": 0.2509644805108421,
    "VA": 0.28111273792093705,
    "GA": 0.6806912096168295,
    "NY": 0.2499719887955182,
    "TN": 0.5328911000552792,
    "WI": 0.11806256306760847,
    "OK": 0.1471900089206066,
    "AR": 0.5954907161803713,
    "NC": 0.1275781416117372,
    "KS": 0.1896551724137931,
    "NM": 0.21708683473389356,
    "ME": 0.31958762886597936,
    "OR": 0.265625,
    "WA": 0.26126126126126126,
    "MN": 0.027777777777777776,
    "ND": 0.5511627906976744,
    "FL": 0.09892787524366471,
    "LA": 0.3165244375484872,
    "NE": 0.2776280323450135,
    "NH": 0.2584795321637427,